{
  "timestamp": "2025-08-14T17:01:35.9263061-07:00",
  "environment": {
    "go_version": "go1.24.0",
    "os": "windows",
    "architecture": "amd64",
    "cpu_count": 16
  },
  "baseline_metrics": {
    "duration": 5117346900,
    "concurrency": 5,
    "total_requests": 250,
    "successful_requests": 239,
    "failed_requests": 11,
    "average_latency": 55158400,
    "p95_latency": 96459900,
    "p99_latency": 99167600,
    "requests_per_second": 48.85344005113274,
    "memory_usage_mb": 2,
    "cpu_usage_percent": 10.379539508591147,
    "error_rate": 4.3999999999999995
  },
  "recommendations": []
}